[
{
    "model": "admin.logentry",
    "pk": 1,
    "fields": {
        "action_time": "2023-01-22T03:33:15.143Z",
        "user": 1,
        "content_type": 6,
        "object_id": "3",
        "object_repr": "damilareonifade24@gmail.com",
        "action_flag": 3,
        "change_message": ""
    }
},
{
    "model": "admin.logentry",
    "pk": 2,
    "fields": {
        "action_time": "2023-01-22T03:33:15.199Z",
        "user": 1,
        "content_type": 6,
        "object_id": "2",
        "object_repr": "damilareonifade14@gmail.com",
        "action_flag": 3,
        "change_message": ""
    }
},
{
    "model": "admin.logentry",
    "pk": 3,
    "fields": {
        "action_time": "2023-01-22T03:34:55.158Z",
        "user": 1,
        "content_type": 6,
        "object_id": "4",
        "object_repr": "damilareonifade24@gmail.com",
        "action_flag": 3,
        "change_message": ""
    }
},
{
    "model": "admin.logentry",
    "pk": 4,
    "fields": {
        "action_time": "2023-01-23T11:02:29.831Z",
        "user": 1,
        "content_type": 6,
        "object_id": "6",
        "object_repr": "femland@gmail.com",
        "action_flag": 3,
        "change_message": ""
    }
},
{
    "model": "admin.logentry",
    "pk": 5,
    "fields": {
        "action_time": "2023-01-23T11:52:41.547Z",
        "user": 1,
        "content_type": 6,
        "object_id": "7",
        "object_repr": "femland@gmail.com",
        "action_flag": 2,
        "change_message": "[{\"changed\": {\"fields\": [\"Password\", \"Role\", \"Is superuser\"]}}]"
    }
},
{
    "model": "admin.logentry",
    "pk": 6,
    "fields": {
        "action_time": "2023-01-23T11:58:06.332Z",
        "user": 1,
        "content_type": 6,
        "object_id": "7",
        "object_repr": "femland@gmail.com",
        "action_flag": 2,
        "change_message": "[{\"changed\": {\"fields\": [\"Password\"]}}]"
    }
},
{
    "model": "admin.logentry",
    "pk": 7,
    "fields": {
        "action_time": "2023-01-23T15:48:47.068Z",
        "user": 1,
        "content_type": 18,
        "object_id": "1",
        "object_repr": "Louis Vuitonbrand",
        "action_flag": 1,
        "change_message": "[{\"added\": {}}]"
    }
},
{
    "model": "admin.logentry",
    "pk": 8,
    "fields": {
        "action_time": "2023-01-23T15:49:44.489Z",
        "user": 1,
        "content_type": 18,
        "object_id": "2",
        "object_repr": "Versace",
        "action_flag": 1,
        "change_message": "[{\"added\": {}}]"
    }
},
{
    "model": "admin.logentry",
    "pk": 9,
    "fields": {
        "action_time": "2023-01-23T15:51:00.857Z",
        "user": 1,
        "content_type": 19,
        "object_id": "1",
        "object_repr": "Women",
        "action_flag": 1,
        "change_message": "[{\"added\": {}}]"
    }
},
{
    "model": "admin.logentry",
    "pk": 10,
    "fields": {
        "action_time": "2023-01-23T16:05:11.843Z",
        "user": 1,
        "content_type": 12,
        "object_id": "1",
        "object_repr": "color",
        "action_flag": 1,
        "change_message": "[{\"added\": {}}]"
    }
},
{
    "model": "admin.logentry",
    "pk": 11,
    "fields": {
        "action_time": "2023-01-23T16:05:33.515Z",
        "user": 1,
        "content_type": 16,
        "object_id": "1",
        "object_repr": "ProductAttributeValue object (1)",
        "action_flag": 1,
        "change_message": "[{\"added\": {}}]"
    }
},
{
    "model": "admin.logentry",
    "pk": 12,
    "fields": {
        "action_time": "2023-01-23T16:05:43.824Z",
        "user": 1,
        "content_type": 16,
        "object_id": "2",
        "object_repr": "ProductAttributeValue object (2)",
        "action_flag": 1,
        "change_message": "[{\"added\": {}}]"
    }
},
{
    "model": "admin.logentry",
    "pk": 13,
    "fields": {
        "action_time": "2023-01-23T16:17:50.669Z",
        "user": 1,
        "content_type": 17,
        "object_id": "1",
        "object_repr": "Clothes",
        "action_flag": 1,
        "change_message": "[{\"added\": {}}]"
    }
},
{
    "model": "admin.logentry",
    "pk": 14,
    "fields": {
        "action_time": "2023-01-23T16:18:08.285Z",
        "user": 1,
        "content_type": 17,
        "object_id": "2",
        "object_repr": "Shoes",
        "action_flag": 1,
        "change_message": "[{\"added\": {}}]"
    }
},
{
    "model": "admin.logentry",
    "pk": 15,
    "fields": {
        "action_time": "2023-01-23T16:18:28.665Z",
        "user": 1,
        "content_type": 17,
        "object_id": "3",
        "object_repr": "Shirts",
        "action_flag": 1,
        "change_message": "[{\"added\": {}}]"
    }
},
{
    "model": "admin.logentry",
    "pk": 16,
    "fields": {
        "action_time": "2023-01-23T16:31:50.114Z",
        "user": 1,
        "content_type": 14,
        "object_id": "1",
        "object_repr": "Product object (1)",
        "action_flag": 1,
        "change_message": "[{\"added\": {}}]"
    }
},
{
    "model": "admin.logentry",
    "pk": 17,
    "fields": {
        "action_time": "2023-01-23T16:34:31.767Z",
        "user": 1,
        "content_type": 14,
        "object_id": "1",
        "object_repr": "Versace Clothing - 150.00",
        "action_flag": 2,
        "change_message": "[{\"changed\": {\"fields\": [\"Discount price\"]}}]"
    }
},
{
    "model": "admin.logentry",
    "pk": 18,
    "fields": {
        "action_time": "2023-01-23T16:40:04.245Z",
        "user": 1,
        "content_type": 13,
        "object_id": "1",
        "object_repr": "Stock object (1)",
        "action_flag": 1,
        "change_message": "[{\"added\": {}}]"
    }
},
{
    "model": "admin.logentry",
    "pk": 19,
    "fields": {
        "action_time": "2023-01-23T16:49:58.470Z",
        "user": 1,
        "content_type": 14,
        "object_id": "2",
        "object_repr": "LG sneakers - 200.0",
        "action_flag": 1,
        "change_message": "[{\"added\": {}}]"
    }
},
{
    "model": "admin.logentry",
    "pk": 20,
    "fields": {
        "action_time": "2023-01-23T16:50:14.613Z",
        "user": 1,
        "content_type": 14,
        "object_id": "2",
        "object_repr": "LG sneakers - 150.00",
        "action_flag": 2,
        "change_message": "[{\"changed\": {\"fields\": [\"Discount price\"]}}]"
    }
},
{
    "model": "admin.logentry",
    "pk": 21,
    "fields": {
        "action_time": "2023-01-23T16:50:24.331Z",
        "user": 1,
        "content_type": 14,
        "object_id": "2",
        "object_repr": "LG sneakers - 650.00",
        "action_flag": 2,
        "change_message": "[{\"changed\": {\"fields\": [\"Price\"]}}]"
    }
},
{
    "model": "admin.logentry",
    "pk": 22,
    "fields": {
        "action_time": "2023-01-23T16:55:44.295Z",
        "user": 1,
        "content_type": 10,
        "object_id": "1",
        "object_repr": "Versace Clothing images",
        "action_flag": 1,
        "change_message": "[{\"added\": {}}]"
    }
},
{
    "model": "admin.logentry",
    "pk": 23,
    "fields": {
        "action_time": "2023-01-23T18:03:22.617Z",
        "user": 1,
        "content_type": 14,
        "object_id": "1",
        "object_repr": "Versace Clothing - 150.00",
        "action_flag": 2,
        "change_message": "[{\"changed\": {\"fields\": [\"Views\"]}}]"
    }
},
{
    "model": "admin.logentry",
    "pk": 24,
    "fields": {
        "action_time": "2023-01-23T18:13:28.742Z",
        "user": 1,
        "content_type": 14,
        "object_id": "3",
        "object_repr": "Givenchy - 1000.0",
        "action_flag": 1,
        "change_message": "[{\"added\": {}}, {\"added\": {\"name\": \"product image\", \"object\": \"Givenchy images\"}}]"
    }
},
{
    "model": "admin.logentry",
    "pk": 25,
    "fields": {
        "action_time": "2023-01-24T01:46:33.630Z",
        "user": 1,
        "content_type": 6,
        "object_id": "8",
        "object_repr": "turayo@gmail.com",
        "action_flag": 2,
        "change_message": "[{\"changed\": {\"fields\": [\"Is active\"]}}]"
    }
},
{
    "model": "admin.logentry",
    "pk": 26,
    "fields": {
        "action_time": "2023-01-24T02:00:34.578Z",
        "user": 1,
        "content_type": 6,
        "object_id": "7",
        "object_repr": "femland@gmail.com",
        "action_flag": 2,
        "change_message": "[{\"changed\": {\"fields\": [\"Phone number\"]}}]"
    }
},
{
    "model": "admin.logentry",
    "pk": 27,
    "fields": {
        "action_time": "2023-01-25T11:21:12.189Z",
        "user": 1,
        "content_type": 14,
        "object_id": "4",
        "object_repr": "Django - 400.0",
        "action_flag": 1,
        "change_message": "[{\"added\": {}}, {\"added\": {\"name\": \"product image\", \"object\": \"Django images\"}}]"
    }
},
{
    "model": "admin.logentry",
    "pk": 28,
    "fields": {
        "action_time": "2023-01-25T11:43:44.345Z",
        "user": 1,
        "content_type": 14,
        "object_id": "4",
        "object_repr": "Django - 400.00",
        "action_flag": 2,
        "change_message": "[{\"changed\": {\"name\": \"product image\", \"object\": \"Django images\", \"fields\": [\"Image\"]}}]"
    }
},
{
    "model": "admin.logentry",
    "pk": 29,
    "fields": {
        "action_time": "2023-01-25T12:26:28.963Z",
        "user": 1,
        "content_type": 17,
        "object_id": "48",
        "object_repr": "Shoes",
        "action_flag": 1,
        "change_message": "[{\"added\": {}}]"
    }
},
{
    "model": "admin.logentry",
    "pk": 30,
    "fields": {
        "action_time": "2023-01-25T12:29:13.908Z",
        "user": 1,
        "content_type": 14,
        "object_id": "50",
        "object_repr": "Erica Park - -5407.00",
        "action_flag": 2,
        "change_message": "[{\"changed\": {\"fields\": [\"Category\", \"Product description\"]}}]"
    }
},
{
    "model": "admin.logentry",
    "pk": 31,
    "fields": {
        "action_time": "2023-01-25T12:33:43.190Z",
        "user": 1,
        "content_type": 14,
        "object_id": "62",
        "object_repr": "Janet Mitchell - 1923.00",
        "action_flag": 2,
        "change_message": "[{\"changed\": {\"fields\": [\"Category\", \"Product description\", \"Discount price\"]}}]"
    }
},
{
    "model": "admin.logentry",
    "pk": 32,
    "fields": {
        "action_time": "2023-01-25T12:33:59.663Z",
        "user": 1,
        "content_type": 14,
        "object_id": "70",
        "object_repr": "Karen Rowland - 657.00",
        "action_flag": 2,
        "change_message": "[{\"changed\": {\"fields\": [\"Category\", \"Product description\"]}}]"
    }
},
{
    "model": "admin.logentry",
    "pk": 33,
    "fields": {
        "action_time": "2023-01-25T12:48:59.449Z",
        "user": 1,
        "content_type": 14,
        "object_id": "70",
        "object_repr": "Karen Rowland - 657.00",
        "action_flag": 2,
        "change_message": "[{\"added\": {\"name\": \"product image\", \"object\": \"Karen Rowland images\"}}, {\"added\": {\"name\": \"product image\", \"object\": \"Karen Rowland images\"}}]"
    }
},
{
    "model": "admin.logentry",
    "pk": 34,
    "fields": {
        "action_time": "2023-01-25T12:49:28.211Z",
        "user": 1,
        "content_type": 14,
        "object_id": "69",
        "object_repr": "Heidi Duncan - -7666.00",
        "action_flag": 2,
        "change_message": "[{\"changed\": {\"fields\": [\"Category\", \"Product description\"]}}, {\"added\": {\"name\": \"product image\", \"object\": \"Heidi Duncan images\"}}, {\"added\": {\"name\": \"product image\", \"object\": \"Heidi Duncan images\"}}]"
    }
},
{
    "model": "admin.logentry",
    "pk": 35,
    "fields": {
        "action_time": "2023-01-25T12:49:52.154Z",
        "user": 1,
        "content_type": 14,
        "object_id": "68",
        "object_repr": "Melissa Hughes - -1186.00",
        "action_flag": 2,
        "change_message": "[{\"changed\": {\"fields\": [\"Category\"]}}, {\"added\": {\"name\": \"product image\", \"object\": \"Melissa Hughes images\"}}, {\"added\": {\"name\": \"product image\", \"object\": \"Melissa Hughes images\"}}]"
    }
},
{
    "model": "admin.logentry",
    "pk": 36,
    "fields": {
        "action_time": "2023-01-25T12:50:35.063Z",
        "user": 1,
        "content_type": 14,
        "object_id": "67",
        "object_repr": "Douglas Kidd - -5888.00",
        "action_flag": 2,
        "change_message": "[{\"changed\": {\"fields\": [\"Category\", \"Product description\"]}}, {\"added\": {\"name\": \"product image\", \"object\": \"Douglas Kidd images\"}}, {\"added\": {\"name\": \"product image\", \"object\": \"Douglas Kidd images\"}}]"
    }
},
{
    "model": "admin.logentry",
    "pk": 37,
    "fields": {
        "action_time": "2023-01-25T12:51:02.338Z",
        "user": 1,
        "content_type": 14,
        "object_id": "66",
        "object_repr": "Michael Perez - -173.00",
        "action_flag": 2,
        "change_message": "[{\"changed\": {\"fields\": [\"Category\", \"Product description\"]}}, {\"added\": {\"name\": \"product image\", \"object\": \"Michael Perez images\"}}, {\"added\": {\"name\": \"product image\", \"object\": \"Michael Perez images\"}}]"
    }
},
{
    "model": "admin.logentry",
    "pk": 38,
    "fields": {
        "action_time": "2023-01-25T12:51:30.302Z",
        "user": 1,
        "content_type": 14,
        "object_id": "65",
        "object_repr": "Stacey Jenkins - 4474.00",
        "action_flag": 2,
        "change_message": "[{\"changed\": {\"fields\": [\"Category\", \"Product description\"]}}, {\"added\": {\"name\": \"product image\", \"object\": \"Stacey Jenkins images\"}}]"
    }
},
{
    "model": "admin.logentry",
    "pk": 39,
    "fields": {
        "action_time": "2023-01-25T12:52:22.213Z",
        "user": 1,
        "content_type": 14,
        "object_id": "64",
        "object_repr": "Katherine Williams - 2818.00",
        "action_flag": 2,
        "change_message": "[{\"changed\": {\"fields\": [\"Category\"]}}, {\"added\": {\"name\": \"product image\", \"object\": \"Katherine Williams images\"}}, {\"added\": {\"name\": \"product image\", \"object\": \"Katherine Williams images\"}}]"
    }
},
{
    "model": "admin.logentry",
    "pk": 40,
    "fields": {
        "action_time": "2023-01-25T12:53:33.796Z",
        "user": 1,
        "content_type": 14,
        "object_id": "63",
        "object_repr": "Brian Mckay - 6988.00",
        "action_flag": 2,
        "change_message": "[{\"changed\": {\"fields\": [\"Category\", \"Product description\"]}}, {\"added\": {\"name\": \"product image\", \"object\": \"Brian Mckay images\"}}]"
    }
},
{
    "model": "admin.logentry",
    "pk": 41,
    "fields": {
        "action_time": "2023-01-25T12:54:06.645Z",
        "user": 1,
        "content_type": 14,
        "object_id": "62",
        "object_repr": "Janet Mitchell - 1923.00",
        "action_flag": 2,
        "change_message": "[{\"added\": {\"name\": \"product image\", \"object\": \"Janet Mitchell images\"}}]"
    }
},
{
    "model": "admin.logentry",
    "pk": 42,
    "fields": {
        "action_time": "2023-01-25T12:54:39.653Z",
        "user": 1,
        "content_type": 14,
        "object_id": "61",
        "object_repr": "Brooke Romero - 3390.00",
        "action_flag": 2,
        "change_message": "[{\"changed\": {\"fields\": [\"Category\"]}}, {\"added\": {\"name\": \"product image\", \"object\": \"Brooke Romero images\"}}]"
    }
},
{
    "model": "admin.logentry",
    "pk": 43,
    "fields": {
        "action_time": "2023-01-26T12:31:54.107Z",
        "user": 1,
        "content_type": 17,
        "object_id": "48",
        "object_repr": "Shoes",
        "action_flag": 2,
        "change_message": "[{\"changed\": {\"fields\": [\"Icon\"]}}]"
    }
},
{
    "model": "admin.logentry",
    "pk": 44,
    "fields": {
        "action_time": "2023-01-26T12:32:20.968Z",
        "user": 1,
        "content_type": 17,
        "object_id": "49",
        "object_repr": "Bags",
        "action_flag": 1,
        "change_message": "[{\"added\": {}}]"
    }
},
{
    "model": "admin.logentry",
    "pk": 45,
    "fields": {
        "action_time": "2023-01-26T12:34:43.009Z",
        "user": 1,
        "content_type": 17,
        "object_id": "50",
        "object_repr": "Shirts",
        "action_flag": 1,
        "change_message": "[{\"added\": {}}]"
    }
},
{
    "model": "admin.logentry",
    "pk": 46,
    "fields": {
        "action_time": "2023-01-26T12:35:22.186Z",
        "user": 1,
        "content_type": 17,
        "object_id": "51",
        "object_repr": "Laptop and gadgets",
        "action_flag": 1,
        "change_message": "[{\"added\": {}}]"
    }
},
{
    "model": "admin.logentry",
    "pk": 47,
    "fields": {
        "action_time": "2023-01-26T12:36:49.880Z",
        "user": 1,
        "content_type": 17,
        "object_id": "52",
        "object_repr": "Phone",
        "action_flag": 1,
        "change_message": "[{\"added\": {}}]"
    }
},
{
    "model": "admin.logentry",
    "pk": 48,
    "fields": {
        "action_time": "2023-01-26T12:38:30.720Z",
        "user": 1,
        "content_type": 17,
        "object_id": "53",
        "object_repr": "Television",
        "action_flag": 1,
        "change_message": "[{\"added\": {}}]"
    }
},
{
    "model": "admin.logentry",
    "pk": 49,
    "fields": {
        "action_time": "2023-01-26T12:39:04.419Z",
        "user": 1,
        "content_type": 14,
        "object_id": "70",
        "object_repr": "Karen Rowland - 657.00",
        "action_flag": 2,
        "change_message": "[{\"changed\": {\"fields\": [\"Category\"]}}]"
    }
},
{
    "model": "admin.logentry",
    "pk": 50,
    "fields": {
        "action_time": "2023-01-26T12:39:19.608Z",
        "user": 1,
        "content_type": 14,
        "object_id": "69",
        "object_repr": "Heidi Duncan - -7666.00",
        "action_flag": 2,
        "change_message": "[{\"changed\": {\"fields\": [\"Category\"]}}]"
    }
},
{
    "model": "admin.logentry",
    "pk": 51,
    "fields": {
        "action_time": "2023-01-26T12:39:30.490Z",
        "user": 1,
        "content_type": 14,
        "object_id": "68",
        "object_repr": "Melissa Hughes - -1186.00",
        "action_flag": 2,
        "change_message": "[{\"changed\": {\"fields\": [\"Category\"]}}]"
    }
},
{
    "model": "admin.logentry",
    "pk": 52,
    "fields": {
        "action_time": "2023-01-26T12:39:44.820Z",
        "user": 1,
        "content_type": 14,
        "object_id": "67",
        "object_repr": "Douglas Kidd - -5888.00",
        "action_flag": 2,
        "change_message": "[{\"changed\": {\"fields\": [\"Category\"]}}]"
    }
},
{
    "model": "admin.logentry",
    "pk": 53,
    "fields": {
        "action_time": "2023-01-26T12:40:05.077Z",
        "user": 1,
        "content_type": 14,
        "object_id": "66",
        "object_repr": "Michael Perez - -173.00",
        "action_flag": 2,
        "change_message": "[{\"changed\": {\"fields\": [\"Category\"]}}]"
    }
},
{
    "model": "admin.logentry",
    "pk": 54,
    "fields": {
        "action_time": "2023-01-26T12:40:22.441Z",
        "user": 1,
        "content_type": 14,
        "object_id": "65",
        "object_repr": "Stacey Jenkins - 4474.00",
        "action_flag": 2,
        "change_message": "[{\"changed\": {\"fields\": [\"Category\"]}}]"
    }
},
{
    "model": "admin.logentry",
    "pk": 55,
    "fields": {
        "action_time": "2023-01-26T12:40:33.346Z",
        "user": 1,
        "content_type": 14,
        "object_id": "64",
        "object_repr": "Katherine Williams - 2818.00",
        "action_flag": 2,
        "change_message": "[{\"changed\": {\"fields\": [\"Category\"]}}]"
    }
},
{
    "model": "admin.logentry",
    "pk": 56,
    "fields": {
        "action_time": "2023-01-26T12:40:59.190Z",
        "user": 1,
        "content_type": 14,
        "object_id": "63",
        "object_repr": "Brian Mckay - 6988.00",
        "action_flag": 2,
        "change_message": "[{\"changed\": {\"fields\": [\"Category\"]}}]"
    }
},
{
    "model": "admin.logentry",
    "pk": 57,
    "fields": {
        "action_time": "2023-01-26T12:41:14.807Z",
        "user": 1,
        "content_type": 14,
        "object_id": "62",
        "object_repr": "Janet Mitchell - 1923.00",
        "action_flag": 2,
        "change_message": "[{\"changed\": {\"fields\": [\"Category\"]}}]"
    }
},
{
    "model": "admin.logentry",
    "pk": 58,
    "fields": {
        "action_time": "2023-01-30T17:37:46.649Z",
        "user": 1,
        "content_type": 17,
        "object_id": "54",
        "object_repr": "Maps",
        "action_flag": 1,
        "change_message": "[{\"added\": {}}]"
    }
},
{
    "model": "admin.logentry",
    "pk": 59,
    "fields": {
        "action_time": "2023-01-30T17:40:20.362Z",
        "user": 1,
        "content_type": 17,
        "object_id": "54",
        "object_repr": "Maps",
        "action_flag": 3,
        "change_message": ""
    }
},
{
    "model": "admin.logentry",
    "pk": 60,
    "fields": {
        "action_time": "2023-01-30T17:40:47.407Z",
        "user": 1,
        "content_type": 17,
        "object_id": "53",
        "object_repr": "Television",
        "action_flag": 2,
        "change_message": "[{\"changed\": {\"fields\": [\"Parent\"]}}]"
    }
},
{
    "model": "admin.logentry",
    "pk": 61,
    "fields": {
        "action_time": "2023-01-30T17:54:51.625Z",
        "user": 1,
        "content_type": 17,
        "object_id": "52",
        "object_repr": "Phone",
        "action_flag": 2,
        "change_message": "[{\"changed\": {\"fields\": [\"Parent\"]}}]"
    }
},
{
    "model": "admin.logentry",
    "pk": 62,
    "fields": {
        "action_time": "2023-01-30T17:55:14.455Z",
        "user": 1,
        "content_type": 17,
        "object_id": "52",
        "object_repr": "Phone",
        "action_flag": 2,
        "change_message": "[{\"changed\": {\"fields\": [\"Parent\"]}}]"
    }
},
{
    "model": "admin.logentry",
    "pk": 63,
    "fields": {
        "action_time": "2023-01-31T11:03:50.235Z",
        "user": 1,
        "content_type": 14,
        "object_id": "63",
        "object_repr": "Brian Mckay - 6988.00",
        "action_flag": 2,
        "change_message": "[{\"added\": {\"name\": \"product image\", \"object\": \"Brian Mckay images\"}}, {\"added\": {\"name\": \"product image\", \"object\": \"Brian Mckay images\"}}, {\"changed\": {\"name\": \"product image\", \"object\": \"Brian Mckay images\", \"fields\": [\"Alt text\"]}}]"
    }
},
{
    "model": "admin.logentry",
    "pk": 64,
    "fields": {
        "action_time": "2023-01-31T12:31:48.147Z",
        "user": 1,
        "content_type": 14,
        "object_id": "63",
        "object_repr": "Brian Mckay - 6988.00",
        "action_flag": 2,
        "change_message": "[{\"changed\": {\"fields\": [\"Product description\", \"Product Short Description\"]}}]"
    }
},
{
    "model": "admin.logentry",
    "pk": 65,
    "fields": {
        "action_time": "2023-01-31T12:54:17.222Z",
        "user": 1,
        "content_type": 19,
        "object_id": "1",
        "object_repr": "Shoes",
        "action_flag": 2,
        "change_message": "[{\"changed\": {\"fields\": [\"Type of product\"]}}]"
    }
},
{
    "model": "admin.logentry",
    "pk": 66,
    "fields": {
        "action_time": "2023-01-31T12:56:39.886Z",
        "user": 1,
        "content_type": 12,
        "object_id": "2",
        "object_repr": "Women Shoe Size",
        "action_flag": 1,
        "change_message": "[{\"added\": {}}]"
    }
},
{
    "model": "admin.logentry",
    "pk": 67,
    "fields": {
        "action_time": "2023-01-31T12:58:23.202Z",
        "user": 1,
        "content_type": 16,
        "object_id": "3",
        "object_repr": "42",
        "action_flag": 1,
        "change_message": "[{\"added\": {}}]"
    }
},
{
    "model": "admin.logentry",
    "pk": 68,
    "fields": {
        "action_time": "2023-01-31T12:58:32.055Z",
        "user": 1,
        "content_type": 16,
        "object_id": "4",
        "object_repr": "52",
        "action_flag": 1,
        "change_message": "[{\"added\": {}}]"
    }
},
{
    "model": "admin.logentry",
    "pk": 69,
    "fields": {
        "action_time": "2023-01-31T12:58:42.467Z",
        "user": 1,
        "content_type": 16,
        "object_id": "5",
        "object_repr": "32",
        "action_flag": 1,
        "change_message": "[{\"added\": {}}]"
    }
},
{
    "model": "admin.logentry",
    "pk": 70,
    "fields": {
        "action_time": "2023-01-31T13:19:43.154Z",
        "user": 1,
        "content_type": 15,
        "object_id": "1",
        "object_repr": "ProductAttributeValues object (1)",
        "action_flag": 1,
        "change_message": "[{\"added\": {}}]"
    }
},
{
    "model": "admin.logentry",
    "pk": 71,
    "fields": {
        "action_time": "2023-01-31T13:23:31.922Z",
        "user": 1,
        "content_type": 15,
        "object_id": "2",
        "object_repr": "ProductAttributeValues object (2)",
        "action_flag": 1,
        "change_message": "[{\"added\": {}}]"
    }
},
{
    "model": "admin.logentry",
    "pk": 72,
    "fields": {
        "action_time": "2023-01-31T15:58:31.659Z",
        "user": 1,
        "content_type": 20,
        "object_id": "1",
        "object_repr": "damilareonifade24@gmail.com commented on Brian Mckay - 6988.00",
        "action_flag": 1,
        "change_message": "[{\"added\": {}}]"
    }
},
{
    "model": "admin.logentry",
    "pk": 73,
    "fields": {
        "action_time": "2023-02-01T15:53:39.081Z",
        "user": 1,
        "content_type": 17,
        "object_id": "55",
        "object_repr": "abaya",
        "action_flag": 1,
        "change_message": "[{\"added\": {}}]"
    }
},
{
    "model": "auth.permission",
    "pk": 1,
    "fields": {
        "name": "Can add log entry",
        "content_type": 1,
        "codename": "add_logentry"
    }
},
{
    "model": "auth.permission",
    "pk": 2,
    "fields": {
        "name": "Can change log entry",
        "content_type": 1,
        "codename": "change_logentry"
    }
},
{
    "model": "auth.permission",
    "pk": 3,
    "fields": {
        "name": "Can delete log entry",
        "content_type": 1,
        "codename": "delete_logentry"
    }
},
{
    "model": "auth.permission",
    "pk": 4,
    "fields": {
        "name": "Can view log entry",
        "content_type": 1,
        "codename": "view_logentry"
    }
},
{
    "model": "auth.permission",
    "pk": 5,
    "fields": {
        "name": "Can add permission",
        "content_type": 2,
        "codename": "add_permission"
    }
},
{
    "model": "auth.permission",
    "pk": 6,
    "fields": {
        "name": "Can change permission",
        "content_type": 2,
        "codename": "change_permission"
    }
},
{
    "model": "auth.permission",
    "pk": 7,
    "fields": {
        "name": "Can delete permission",
        "content_type": 2,
        "codename": "delete_permission"
    }
},
{
    "model": "auth.permission",
    "pk": 8,
    "fields": {
        "name": "Can view permission",
        "content_type": 2,
        "codename": "view_permission"
    }
},
{
    "model": "auth.permission",
    "pk": 9,
    "fields": {
        "name": "Can add group",
        "content_type": 3,
        "codename": "add_group"
    }
},
{
    "model": "auth.permission",
    "pk": 10,
    "fields": {
        "name": "Can change group",
        "content_type": 3,
        "codename": "change_group"
    }
},
{
    "model": "auth.permission",
    "pk": 11,
    "fields": {
        "name": "Can delete group",
        "content_type": 3,
        "codename": "delete_group"
    }
},
{
    "model": "auth.permission",
    "pk": 12,
    "fields": {
        "name": "Can view group",
        "content_type": 3,
        "codename": "view_group"
    }
},
{
    "model": "auth.permission",
    "pk": 13,
    "fields": {
        "name": "Can add content type",
        "content_type": 4,
        "codename": "add_contenttype"
    }
},
{
    "model": "auth.permission",
    "pk": 14,
    "fields": {
        "name": "Can change content type",
        "content_type": 4,
        "codename": "change_contenttype"
    }
},
{
    "model": "auth.permission",
    "pk": 15,
    "fields": {
        "name": "Can delete content type",
        "content_type": 4,
        "codename": "delete_contenttype"
    }
},
{
    "model": "auth.permission",
    "pk": 16,
    "fields": {
        "name": "Can view content type",
        "content_type": 4,
        "codename": "view_contenttype"
    }
},
{
    "model": "auth.permission",
    "pk": 17,
    "fields": {
        "name": "Can add session",
        "content_type": 5,
        "codename": "add_session"
    }
},
{
    "model": "auth.permission",
    "pk": 18,
    "fields": {
        "name": "Can change session",
        "content_type": 5,
        "codename": "change_session"
    }
},
{
    "model": "auth.permission",
    "pk": 19,
    "fields": {
        "name": "Can delete session",
        "content_type": 5,
        "codename": "delete_session"
    }
},
{
    "model": "auth.permission",
    "pk": 20,
    "fields": {
        "name": "Can view session",
        "content_type": 5,
        "codename": "view_session"
    }
},
{
    "model": "auth.permission",
    "pk": 21,
    "fields": {
        "name": "Can add custom user",
        "content_type": 6,
        "codename": "add_customuser"
    }
},
{
    "model": "auth.permission",
    "pk": 22,
    "fields": {
        "name": "Can change custom user",
        "content_type": 6,
        "codename": "change_customuser"
    }
},
{
    "model": "auth.permission",
    "pk": 23,
    "fields": {
        "name": "Can delete custom user",
        "content_type": 6,
        "codename": "delete_customuser"
    }
},
{
    "model": "auth.permission",
    "pk": 24,
    "fields": {
        "name": "Can view custom user",
        "content_type": 6,
        "codename": "view_customuser"
    }
},
{
    "model": "auth.permission",
    "pk": 25,
    "fields": {
        "name": "Can add address global",
        "content_type": 7,
        "codename": "add_addressglobal"
    }
},
{
    "model": "auth.permission",
    "pk": 26,
    "fields": {
        "name": "Can change address global",
        "content_type": 7,
        "codename": "change_addressglobal"
    }
},
{
    "model": "auth.permission",
    "pk": 27,
    "fields": {
        "name": "Can delete address global",
        "content_type": 7,
        "codename": "delete_addressglobal"
    }
},
{
    "model": "auth.permission",
    "pk": 28,
    "fields": {
        "name": "Can view address global",
        "content_type": 7,
        "codename": "view_addressglobal"
    }
},
{
    "model": "auth.permission",
    "pk": 29,
    "fields": {
        "name": "Can add user profile",
        "content_type": 8,
        "codename": "add_userprofile"
    }
},
{
    "model": "auth.permission",
    "pk": 30,
    "fields": {
        "name": "Can change user profile",
        "content_type": 8,
        "codename": "change_userprofile"
    }
},
{
    "model": "auth.permission",
    "pk": 31,
    "fields": {
        "name": "Can delete user profile",
        "content_type": 8,
        "codename": "delete_userprofile"
    }
},
{
    "model": "auth.permission",
    "pk": 32,
    "fields": {
        "name": "Can view user profile",
        "content_type": 8,
        "codename": "view_userprofile"
    }
},
{
    "model": "auth.permission",
    "pk": 33,
    "fields": {
        "name": "Can add user activity",
        "content_type": 9,
        "codename": "add_useractivity"
    }
},
{
    "model": "auth.permission",
    "pk": 34,
    "fields": {
        "name": "Can change user activity",
        "content_type": 9,
        "codename": "change_useractivity"
    }
},
{
    "model": "auth.permission",
    "pk": 35,
    "fields": {
        "name": "Can delete user activity",
        "content_type": 9,
        "codename": "delete_useractivity"
    }
},
{
    "model": "auth.permission",
    "pk": 36,
    "fields": {
        "name": "Can view user activity",
        "content_type": 9,
        "codename": "view_useractivity"
    }
},
{
    "model": "auth.permission",
    "pk": 37,
    "fields": {
        "name": "Can add product image",
        "content_type": 10,
        "codename": "add_productimage"
    }
},
{
    "model": "auth.permission",
    "pk": 38,
    "fields": {
        "name": "Can change product image",
        "content_type": 10,
        "codename": "change_productimage"
    }
},
{
    "model": "auth.permission",
    "pk": 39,
    "fields": {
        "name": "Can delete product image",
        "content_type": 10,
        "codename": "delete_productimage"
    }
},
{
    "model": "auth.permission",
    "pk": 40,
    "fields": {
        "name": "Can view product image",
        "content_type": 10,
        "codename": "view_productimage"
    }
},
{
    "model": "auth.permission",
    "pk": 41,
    "fields": {
        "name": "Can add product type attribute",
        "content_type": 11,
        "codename": "add_producttypeattribute"
    }
},
{
    "model": "auth.permission",
    "pk": 42,
    "fields": {
        "name": "Can change product type attribute",
        "content_type": 11,
        "codename": "change_producttypeattribute"
    }
},
{
    "model": "auth.permission",
    "pk": 43,
    "fields": {
        "name": "Can delete product type attribute",
        "content_type": 11,
        "codename": "delete_producttypeattribute"
    }
},
{
    "model": "auth.permission",
    "pk": 44,
    "fields": {
        "name": "Can view product type attribute",
        "content_type": 11,
        "codename": "view_producttypeattribute"
    }
},
{
    "model": "auth.permission",
    "pk": 45,
    "fields": {
        "name": "Can add product attribute",
        "content_type": 12,
        "codename": "add_productattribute"
    }
},
{
    "model": "auth.permission",
    "pk": 46,
    "fields": {
        "name": "Can change product attribute",
        "content_type": 12,
        "codename": "change_productattribute"
    }
},
{
    "model": "auth.permission",
    "pk": 47,
    "fields": {
        "name": "Can delete product attribute",
        "content_type": 12,
        "codename": "delete_productattribute"
    }
},
{
    "model": "auth.permission",
    "pk": 48,
    "fields": {
        "name": "Can view product attribute",
        "content_type": 12,
        "codename": "view_productattribute"
    }
},
{
    "model": "auth.permission",
    "pk": 49,
    "fields": {
        "name": "Can add stock",
        "content_type": 13,
        "codename": "add_stock"
    }
},
{
    "model": "auth.permission",
    "pk": 50,
    "fields": {
        "name": "Can change stock",
        "content_type": 13,
        "codename": "change_stock"
    }
},
{
    "model": "auth.permission",
    "pk": 51,
    "fields": {
        "name": "Can delete stock",
        "content_type": 13,
        "codename": "delete_stock"
    }
},
{
    "model": "auth.permission",
    "pk": 52,
    "fields": {
        "name": "Can view stock",
        "content_type": 13,
        "codename": "view_stock"
    }
},
{
    "model": "auth.permission",
    "pk": 53,
    "fields": {
        "name": "Can add Product",
        "content_type": 14,
        "codename": "add_product"
    }
},
{
    "model": "auth.permission",
    "pk": 54,
    "fields": {
        "name": "Can change Product",
        "content_type": 14,
        "codename": "change_product"
    }
},
{
    "model": "auth.permission",
    "pk": 55,
    "fields": {
        "name": "Can delete Product",
        "content_type": 14,
        "codename": "delete_product"
    }
},
{
    "model": "auth.permission",
    "pk": 56,
    "fields": {
        "name": "Can view Product",
        "content_type": 14,
        "codename": "view_product"
    }
},
{
    "model": "auth.permission",
    "pk": 57,
    "fields": {
        "name": "Can add product attribute values",
        "content_type": 15,
        "codename": "add_productattributevalues"
    }
},
{
    "model": "auth.permission",
    "pk": 58,
    "fields": {
        "name": "Can change product attribute values",
        "content_type": 15,
        "codename": "change_productattributevalues"
    }
},
{
    "model": "auth.permission",
    "pk": 59,
    "fields": {
        "name": "Can delete product attribute values",
        "content_type": 15,
        "codename": "delete_productattributevalues"
    }
},
{
    "model": "auth.permission",
    "pk": 60,
    "fields": {
        "name": "Can view product attribute values",
        "content_type": 15,
        "codename": "view_productattributevalues"
    }
},
{
    "model": "auth.permission",
    "pk": 61,
    "fields": {
        "name": "Can add product attribute value",
        "content_type": 16,
        "codename": "add_productattributevalue"
    }
},
{
    "model": "auth.permission",
    "pk": 62,
    "fields": {
        "name": "Can change product attribute value",
        "content_type": 16,
        "codename": "change_productattributevalue"
    }
},
{
    "model": "auth.permission",
    "pk": 63,
    "fields": {
        "name": "Can delete product attribute value",
        "content_type": 16,
        "codename": "delete_productattributevalue"
    }
},
{
    "model": "auth.permission",
    "pk": 64,
    "fields": {
        "name": "Can view product attribute value",
        "content_type": 16,
        "codename": "view_productattributevalue"
    }
},
{
    "model": "auth.permission",
    "pk": 65,
    "fields": {
        "name": "Can add category",
        "content_type": 17,
        "codename": "add_category"
    }
},
{
    "model": "auth.permission",
    "pk": 66,
    "fields": {
        "name": "Can change category",
        "content_type": 17,
        "codename": "change_category"
    }
},
{
    "model": "auth.permission",
    "pk": 67,
    "fields": {
        "name": "Can delete category",
        "content_type": 17,
        "codename": "delete_category"
    }
},
{
    "model": "auth.permission",
    "pk": 68,
    "fields": {
        "name": "Can view category",
        "content_type": 17,
        "codename": "view_category"
    }
},
{
    "model": "auth.permission",
    "pk": 69,
    "fields": {
        "name": "Can add brand",
        "content_type": 18,
        "codename": "add_brand"
    }
},
{
    "model": "auth.permission",
    "pk": 70,
    "fields": {
        "name": "Can change brand",
        "content_type": 18,
        "codename": "change_brand"
    }
},
{
    "model": "auth.permission",
    "pk": 71,
    "fields": {
        "name": "Can delete brand",
        "content_type": 18,
        "codename": "delete_brand"
    }
},
{
    "model": "auth.permission",
    "pk": 72,
    "fields": {
        "name": "Can view brand",
        "content_type": 18,
        "codename": "view_brand"
    }
},
{
    "model": "auth.permission",
    "pk": 73,
    "fields": {
        "name": "Can add product type",
        "content_type": 19,
        "codename": "add_producttype"
    }
},
{
    "model": "auth.permission",
    "pk": 74,
    "fields": {
        "name": "Can change product type",
        "content_type": 19,
        "codename": "change_producttype"
    }
},
{
    "model": "auth.permission",
    "pk": 75,
    "fields": {
        "name": "Can delete product type",
        "content_type": 19,
        "codename": "delete_producttype"
    }
},
{
    "model": "auth.permission",
    "pk": 76,
    "fields": {
        "name": "Can view product type",
        "content_type": 19,
        "codename": "view_producttype"
    }
},
{
    "model": "auth.permission",
    "pk": 77,
    "fields": {
        "name": "Can add reviews",
        "content_type": 20,
        "codename": "add_reviews"
    }
},
{
    "model": "auth.permission",
    "pk": 78,
    "fields": {
        "name": "Can change reviews",
        "content_type": 20,
        "codename": "change_reviews"
    }
},
{
    "model": "auth.permission",
    "pk": 79,
    "fields": {
        "name": "Can delete reviews",
        "content_type": 20,
        "codename": "delete_reviews"
    }
},
{
    "model": "auth.permission",
    "pk": 80,
    "fields": {
        "name": "Can view reviews",
        "content_type": 20,
        "codename": "view_reviews"
    }
},
{
    "model": "contenttypes.contenttype",
    "pk": 1,
    "fields": {
        "app_label": "admin",
        "model": "logentry"
    }
},
{
    "model": "contenttypes.contenttype",
    "pk": 2,
    "fields": {
        "app_label": "auth",
        "model": "permission"
    }
},
{
    "model": "contenttypes.contenttype",
    "pk": 3,
    "fields": {
        "app_label": "auth",
        "model": "group"
    }
},
{
    "model": "contenttypes.contenttype",
    "pk": 4,
    "fields": {
        "app_label": "contenttypes",
        "model": "contenttype"
    }
},
{
    "model": "contenttypes.contenttype",
    "pk": 5,
    "fields": {
        "app_label": "sessions",
        "model": "session"
    }
},
{
    "model": "contenttypes.contenttype",
    "pk": 6,
    "fields": {
        "app_label": "accounts",
        "model": "customuser"
    }
},
{
    "model": "contenttypes.contenttype",
    "pk": 7,
    "fields": {
        "app_label": "accounts",
        "model": "addressglobal"
    }
},
{
    "model": "contenttypes.contenttype",
    "pk": 8,
    "fields": {
        "app_label": "accounts",
        "model": "userprofile"
    }
},
{
    "model": "contenttypes.contenttype",
    "pk": 9,
    "fields": {
        "app_label": "accounts",
        "model": "useractivity"
    }
},
{
    "model": "contenttypes.contenttype",
    "pk": 10,
    "fields": {
        "app_label": "commerce",
        "model": "productimage"
    }
},
{
    "model": "contenttypes.contenttype",
    "pk": 11,
    "fields": {
        "app_label": "commerce",
        "model": "producttypeattribute"
    }
},
{
    "model": "contenttypes.contenttype",
    "pk": 12,
    "fields": {
        "app_label": "commerce",
        "model": "productattribute"
    }
},
{
    "model": "contenttypes.contenttype",
    "pk": 13,
    "fields": {
        "app_label": "commerce",
        "model": "stock"
    }
},
{
    "model": "contenttypes.contenttype",
    "pk": 14,
    "fields": {
        "app_label": "commerce",
        "model": "product"
    }
},
{
    "model": "contenttypes.contenttype",
    "pk": 15,
    "fields": {
        "app_label": "commerce",
        "model": "productattributevalues"
    }
},
{
    "model": "contenttypes.contenttype",
    "pk": 16,
    "fields": {
        "app_label": "commerce",
        "model": "productattributevalue"
    }
},
{
    "model": "contenttypes.contenttype",
    "pk": 17,
    "fields": {
        "app_label": "commerce",
        "model": "category"
    }
},
{
    "model": "contenttypes.contenttype",
    "pk": 18,
    "fields": {
        "app_label": "commerce",
        "model": "brand"
    }
},
{
    "model": "contenttypes.contenttype",
    "pk": 19,
    "fields": {
        "app_label": "commerce",
        "model": "producttype"
    }
},
{
    "model": "contenttypes.contenttype",
    "pk": 20,
    "fields": {
        "app_label": "commerce",
        "model": "reviews"
    }
},
{
    "model": "sessions.session",
    "pk": "iu1ptr047plibl5nk60mpr7pcj7841jz",
    "fields": {
        "session_data": ".eJxVjMsOwiAURP-FtSEU5HFduu83kAtcpGogKe3K-O9K0oWuJplzZl7M474Vv3da_ZLYhU3s9NsFjA-qA6Q71lvjsdVtXQIfCj9o53NL9Lwe7t9BwV7GWlqbhVAaUaZsUDoDUotERBMQQIiUSSsSOaQcFZwRhHJOSWeN_SZ7fwD0DDfw:1pJuYX:9_CizKlNlNrEFsMLbgL_bsPw3ZO3OA73k2PQlTlYGIs",
        "expire_date": "2023-02-06T11:00:05.200Z"
    }
},
{
    "model": "sessions.session",
    "pk": "r16ocvmfxctivxs9rtiu5fowcg2xhj5m",
    "fields": {
        "session_data": ".eJxVjMsOwiAURP-FtSEU5HFduu83kAtcpGogKe3K-O9K0oWuJplzZl7M474Vv3da_ZLYhU3s9NsFjA-qA6Q71lvjsdVtXQIfCj9o53NL9Lwe7t9BwV7GWlqbhVAaUaZsUDoDUotERBMQQIiUSSsSOaQcFZwRhHJOSWeN_SZ7fwD0DDfw:1pKdgq:IFq6Rw0mxbAsq8s0CUhjPgjta_WA1j-HeDvwXdEPTNk",
        "expire_date": "2023-02-08T11:11:40.874Z"
    }
},
{
    "model": "sessions.session",
    "pk": "txy73vkw6eigv503xff3md6lxem5ymap",
    "fields": {
        "session_data": ".eJxVjMsOwiAURP-FtSEU5HFduu83kAtcpGogKe3K-O9K0oWuJplzZl7M474Vv3da_ZLYhU3s9NsFjA-qA6Q71lvjsdVtXQIfCj9o53NL9Lwe7t9BwV7GWlqbhVAaUaZsUDoDUotERBMQQIiUSSsSOaQcFZwRhHJOSWeN_SZ7fwD0DDfw:1pO6yj:pXh0PltWm6PuKO4z-GuuKV1hCYGU9607TBOW-AOwwAg",
        "expire_date": "2023-02-18T01:04:29.969Z"
    }
},
{
    "model": "commerce.category",
    "pk": 48,
    "fields": {
        "name": "Shoes",
        "icon": "media/category/icon/Shoes/gettyimages-172417586-612x612_f26cqj",
        "parent": null,
        "slug": "shoes",
        "created_at": "2023-01-25T12:26:28.959Z",
        "updated_at": "2023-01-26T12:31:53.969Z",
        "lft": 1,
        "rght": 2,
        "tree_id": 6,
        "level": 0
    }
},
{
    "model": "commerce.category",
    "pk": 49,
    "fields": {
        "name": "Bags",
        "icon": "media/category/icon/Bags/download_3_misgam",
        "parent": null,
        "slug": "bags",
        "created_at": "2023-01-26T12:32:20.965Z",
        "updated_at": "2023-01-26T12:32:20.965Z",
        "lft": 1,
        "rght": 6,
        "tree_id": 1,
        "level": 0
    }
},
{
    "model": "commerce.category",
    "pk": 50,
    "fields": {
        "name": "Shirts",
        "icon": "media/category/icon/Shirts/download_2_mbx0kq",
        "parent": null,
        "slug": "shirts",
        "created_at": "2023-01-26T12:34:43.007Z",
        "updated_at": "2023-01-26T12:34:43.007Z",
        "lft": 1,
        "rght": 2,
        "tree_id": 5,
        "level": 0
    }
},
{
    "model": "commerce.category",
    "pk": 51,
    "fields": {
        "name": "Laptop and gadgets",
        "icon": "media/category/icon/Laptop and gadgets/download_4_mt5py6",
        "parent": null,
        "slug": null,
        "created_at": "2023-01-26T12:35:22.185Z",
        "updated_at": "2023-01-26T12:35:22.185Z",
        "lft": 1,
        "rght": 2,
        "tree_id": 2,
        "level": 0
    }
},
{
    "model": "commerce.category",
    "pk": 52,
    "fields": {
        "name": "Phone",
        "icon": "media/category/icon/Phone/best-phone-2022-920x613_1_bmidzs",
        "parent": null,
        "slug": "phones",
        "created_at": "2023-01-26T12:36:49.875Z",
        "updated_at": "2023-01-30T17:55:14.453Z",
        "lft": 1,
        "rght": 2,
        "tree_id": 4,
        "level": 0
    }
},
{
    "model": "commerce.category",
    "pk": 53,
    "fields": {
        "name": "Television",
        "icon": "media/category/icon/Television/television_o2a2vg",
        "parent": 49,
        "slug": "television",
        "created_at": "2023-01-26T12:38:30.609Z",
        "updated_at": "2023-01-30T17:40:47.404Z",
        "lft": 2,
        "rght": 5,
        "tree_id": 1,
        "level": 1
    }
},
{
    "model": "commerce.category",
    "pk": 55,
    "fields": {
        "name": "abaya",
        "icon": "media/category/icon/abaya/download_5_qa7loo",
        "parent": null,
        "slug": "abaya",
        "created_at": "2023-02-01T15:53:39.076Z",
        "updated_at": "2023-02-01T15:53:39.076Z",
        "lft": 1,
        "rght": 2,
        "tree_id": 7,
        "level": 0
    }
},
{
    "model": "commerce.product",
    "pk": 49,
    "fields": {
        "created_at": "2023-01-25T12:28:47.851Z",
        "updated_at": "2023-01-25T12:28:47.851Z",
        "uuid": "4004da47-ae92-418f-89bc-48fa03ad905e",
        "name": "Kyle Anderson",
        "seller": 1,
        "brand": 1,
        "product_type": 1,
        "product_description": "Several must best condition. Adult staff be difficult.\nHim two seat some. Pattern health mention cultural. New before near series.\nLife could position weight. Owner piece war military throw.",
        "product_excerpt": null,
        "weight": 1579.0,
        "views": 1431,
        "price": "1377.00",
        "discount_price": "7544.00",
        "showed_price": "-6167.00",
        "category": [],
        "saved_post": []
    }
},
{
    "model": "commerce.product",
    "pk": 50,
    "fields": {
        "created_at": "2023-01-25T12:28:50.024Z",
        "updated_at": "2023-01-25T12:29:13.902Z",
        "uuid": "3f40bd94-7075-4419-ac97-050953fdac66",
        "name": "Erica Park",
        "seller": 1,
        "brand": 1,
        "product_type": 1,
        "product_description": "Say development nor director. Point expert participant accept.\r\nWar yet plant trip onto Congress. Information heart believe surface away player. Interest coach arm us.",
        "product_excerpt": null,
        "weight": 4679.0,
        "views": 6039,
        "price": "157.00",
        "discount_price": "5564.00",
        "showed_price": "-5407.00",
        "category": [
            48
        ],
        "saved_post": []
    }
},
{
    "model": "commerce.product",
    "pk": 51,
    "fields": {
        "created_at": "2023-01-25T12:29:28.882Z",
        "updated_at": "2023-01-25T12:29:28.882Z",
        "uuid": "bccaaee2-8907-459d-854b-ed31d9ea75f9",
        "name": "Rebecca Reyes",
        "seller": 1,
        "brand": 1,
        "product_type": 1,
        "product_description": "Something catch single affect authority national avoid. Election I pick. Statement turn direction choice sister capital.",
        "product_excerpt": null,
        "weight": 2726.0,
        "views": 7136,
        "price": "8198.00",
        "discount_price": "255.00",
        "showed_price": "7943.00",
        "category": [],
        "saved_post": []
    }
},
{
    "model": "commerce.product",
    "pk": 52,
    "fields": {
        "created_at": "2023-01-25T12:29:29.486Z",
        "updated_at": "2023-01-25T12:29:29.486Z",
        "uuid": "6dacbaeb-009f-4861-b88a-3fad21a9c53a",
        "name": "Jill Contreras",
        "seller": 1,
        "brand": 1,
        "product_type": 1,
        "product_description": "Concern only leader establish western today. Tree among sometimes nor figure billion.\nDirector pattern public. Much if adult evidence less yard course.",
        "product_excerpt": null,
        "weight": 6374.0,
        "views": 419,
        "price": "6725.00",
        "discount_price": "7782.00",
        "showed_price": "-1057.00",
        "category": [],
        "saved_post": []
    }
},
{
    "model": "commerce.product",
    "pk": 53,
    "fields": {
        "created_at": "2023-01-25T12:29:30.399Z",
        "updated_at": "2023-01-25T12:29:30.399Z",
        "uuid": "e6f581ff-5297-4fb8-8476-7fca52622cd5",
        "name": "Brandy Simmons",
        "seller": 1,
        "brand": 1,
        "product_type": 1,
        "product_description": "Prevent seem protect conference star war central room. Nothing some ready buy family.\nStuff close keep. Medical view program imagine very. Station for collection three anyone social here better.",
        "product_excerpt": null,
        "weight": 833.0,
        "views": 6358,
        "price": "9841.00",
        "discount_price": "3609.00",
        "showed_price": "6232.00",
        "category": [],
        "saved_post": []
    }
},
{
    "model": "commerce.product",
    "pk": 54,
    "fields": {
        "created_at": "2023-01-25T12:29:30.813Z",
        "updated_at": "2023-01-25T12:29:30.813Z",
        "uuid": "17cfee97-8bea-4148-a639-d6045c871c9e",
        "name": "Michael Smith",
        "seller": 1,
        "brand": 1,
        "product_type": 1,
        "product_description": "Next best night decision. Series guy west page commercial.",
        "product_excerpt": null,
        "weight": 2034.0,
        "views": 1839,
        "price": "2898.00",
        "discount_price": "8606.00",
        "showed_price": "-5708.00",
        "category": [],
        "saved_post": []
    }
},
{
    "model": "commerce.product",
    "pk": 55,
    "fields": {
        "created_at": "2023-01-25T12:29:31.452Z",
        "updated_at": "2023-01-25T12:29:31.452Z",
        "uuid": "40ed71f1-bc0c-420d-8ccb-0bd86ea18550",
        "name": "Susan Padilla",
        "seller": 1,
        "brand": 1,
        "product_type": 1,
        "product_description": "Hand suddenly remain year character book. Though prove impact. Wonder language alone.\nInside forward food threat.",
        "product_excerpt": null,
        "weight": 6562.0,
        "views": 708,
        "price": "465.00",
        "discount_price": "2271.00",
        "showed_price": "-1806.00",
        "category": [],
        "saved_post": []
    }
},
{
    "model": "commerce.product",
    "pk": 56,
    "fields": {
        "created_at": "2023-01-25T12:29:31.963Z",
        "updated_at": "2023-01-25T12:29:31.963Z",
        "uuid": "5ad7aeff-2cfe-4af8-9b75-d2645bf63f94",
        "name": "Thomas Shepherd",
        "seller": 1,
        "brand": 1,
        "product_type": 1,
        "product_description": "Wear trade clear stop develop. Treat lawyer difficult add how though. Door culture continue loss.\nWalk stay dog physical bring. Well lose these another.\nFederal sort loss. Price teach tax.",
        "product_excerpt": null,
        "weight": 264.0,
        "views": 3452,
        "price": "5668.00",
        "discount_price": "7731.00",
        "showed_price": "-2063.00",
        "category": [],
        "saved_post": []
    }
},
{
    "model": "commerce.product",
    "pk": 57,
    "fields": {
        "created_at": "2023-01-25T12:29:32.470Z",
        "updated_at": "2023-01-25T12:29:32.470Z",
        "uuid": "b3df7275-982e-47e2-959e-e9a37b60e111",
        "name": "Antonio Pena",
        "seller": 1,
        "brand": 1,
        "product_type": 1,
        "product_description": "Perhaps key last easy central. Window husband culture. Success too draw while fish.",
        "product_excerpt": null,
        "weight": 5840.0,
        "views": 2058,
        "price": "9213.00",
        "discount_price": "2545.00",
        "showed_price": "6668.00",
        "category": [],
        "saved_post": []
    }
},
{
    "model": "commerce.product",
    "pk": 58,
    "fields": {
        "created_at": "2023-01-25T12:29:33.038Z",
        "updated_at": "2023-01-25T12:29:33.038Z",
        "uuid": "7ded71a9-0d71-4107-95d9-12d4c35d641f",
        "name": "Stephen Bautista",
        "seller": 1,
        "brand": 1,
        "product_type": 1,
        "product_description": "Or throw wear contain wonder pick body. Support sign agreement. Sound seat economy also huge security recognize.\nLater country customer ball sit.\nParticipant dark become per site.",
        "product_excerpt": null,
        "weight": 1180.0,
        "views": 1053,
        "price": "1925.00",
        "discount_price": "340.00",
        "showed_price": "1585.00",
        "category": [],
        "saved_post": []
    }
},
{
    "model": "commerce.product",
    "pk": 59,
    "fields": {
        "created_at": "2023-01-25T12:29:33.522Z",
        "updated_at": "2023-01-25T12:29:33.522Z",
        "uuid": "41ac481c-1d06-4550-aad6-ff6ac739c6fd",
        "name": "Pamela Leach",
        "seller": 1,
        "brand": 1,
        "product_type": 1,
        "product_description": "Whom thus career. History someone herself three political order enter. Former father those eat.\nTwo only medical religious. No popular it parent very.",
        "product_excerpt": null,
        "weight": 8333.0,
        "views": 2748,
        "price": "4292.00",
        "discount_price": "4669.00",
        "showed_price": "-377.00",
        "category": [],
        "saved_post": []
    }
},
{
    "model": "commerce.product",
    "pk": 60,
    "fields": {
        "created_at": "2023-01-25T12:29:34.004Z",
        "updated_at": "2023-01-25T12:29:34.004Z",
        "uuid": "9deacd47-2cd1-4d8c-9742-8b360ea53f4c",
        "name": "Rebecca Hughes",
        "seller": 1,
        "brand": 1,
        "product_type": 1,
        "product_description": "Group force nature attention that same. East human detail appear level detail. Public enter can education power wish tree.",
        "product_excerpt": null,
        "weight": 8966.0,
        "views": 2314,
        "price": "7928.00",
        "discount_price": "4592.00",
        "showed_price": "3336.00",
        "category": [],
        "saved_post": []
    }
},
{
    "model": "commerce.product",
    "pk": 61,
    "fields": {
        "created_at": "2023-01-25T12:29:34.460Z",
        "updated_at": "2023-01-25T12:54:38.241Z",
        "uuid": "daacb3c1-b39b-4902-9a71-0497a3ef26d3",
        "name": "Brooke Romero",
        "seller": 1,
        "brand": 1,
        "product_type": 1,
        "product_description": "Tv right throw probably create pick. Box material physical during land part color.",
        "product_excerpt": null,
        "weight": 4923.0,
        "views": 7940,
        "price": "8261.00",
        "discount_price": "4871.00",
        "showed_price": "3390.00",
        "category": [
            48
        ],
        "saved_post": []
    }
},
{
    "model": "commerce.product",
    "pk": 62,
    "fields": {
        "created_at": "2023-01-25T12:29:34.933Z",
        "updated_at": "2023-01-26T12:41:14.754Z",
        "uuid": "26ccb685-c5c2-49ce-b2c7-e7f14f43e377",
        "name": "Janet Mitchell",
        "seller": 1,
        "brand": 1,
        "product_type": 1,
        "product_description": "Nation sport help political born short argue. Amount dinner book employee hold.\r\nAdd rock a foot onto not subject. Likely far white style.",
        "product_excerpt": null,
        "weight": 5179.0,
        "views": 8517,
        "price": "4004.00",
        "discount_price": "2081.00",
        "showed_price": "1923.00",
        "category": [
            49,
            51,
            50,
            48
        ],
        "saved_post": []
    }
},
{
    "model": "commerce.product",
    "pk": 63,
    "fields": {
        "created_at": "2023-01-25T12:29:35.601Z",
        "updated_at": "2023-02-02T14:25:02.561Z",
        "uuid": "4a3385ae-2de3-43e4-a9b2-d33aeaed9b62",
        "name": "Brian Mckay",
        "seller": 1,
        "brand": 1,
        "product_type": 1,
        "product_description": "Lorem ipsum dolor, sit amet consectetur adipisicing elit. Provident non deserunt sapiente, voluptas tempore ea sit harum ut est cumque libero accusamus reprehenderit ratione numquam iste velit, aliquid quasi quam molestias unde eveniet? Id debitis animi minima repellendus inventore magnam ab odit harum incidunt esse ipsum labore dignissimos odio autem ducimus, iste eligendi quis mollitia vero maxime, minus, aliquam possimus? Commodi dolor magni similique laboriosam fuga ut dolorem iure eaque architecto non sint delectus facilis, cum, velit incidunt rem ea vitae sed corrupti. Odit provident officia dolorem nobis, commodi, aut, suscipit quis ab at omnis quas excepturi asperiores non eligendi fugit repellendus numquam molestias animi amet nemo alias harum architecto magnam ea. Qui similique nam odio eligendi voluptas rerum vel provident maxime beatae architecto ut corrupti explicabo asperiores inventore blanditiis non itaque nostrum quibusdam exercitationem dignissimos nisi, aut ea quisquam. Dignissimos iste fuga minus animi eum voluptatem officiis perferendis recusandae magni similique qui consequuntur aperiam, excepturi corrupti? Dolor magnam molestias quam sequi quos, explicabo odio tempora veniam voluptates alias voluptatem accusantium! Omnis dolores eligendi ducimus aperiam non autem sint, vero dignissimos fugit iure consequatur tenetur reiciendis labore tempore explicabo amet ipsa suscipit nam illo deleniti? Nesciunt maxime vero ullam quisquam asperiores quod. Ut sapiente nisi cumque perspiciatis dolor. Sunt culpa optio quas corrupti incidunt dolores rerum labore nihil ipsa! Repudiandae velit, magnam cumque corrupti optio perspiciatis obcaecati assumenda iste dolorem atque reprehenderit porro magni pariatur tenetur inventore. Iusto eius doloremque culpa. Dolor, assumenda aperiam natus asperiores expedita totam sit neque molestiae, blanditiis doloremque hic culpa sapiente iusto laudantium nulla inventore ab excepturi exercitationem! Corrupti ipsam vero ipsa necessitatibus quo excepturi quis omnis, sequi corporis? Facere ut quibusdam vel eligendi quae facilis beatae quaerat magni saepe accusantium aliquid, magnam reprehenderit. Praesentium commodi, maxime officia quidem maiores dolores incidunt ab? Laudantium voluptatum optio est odio rerum esse itaque aperiam nostrum distinctio dicta aspernatur natus ratione, porro provident? Vero, facere? Laboriosam ipsum nihil qui laudantium culpa excepturi aperiam, illo neque asperiores minus pariatur eveniet, officia corporis? Sapiente labore rem quam dolor fuga eveniet impedit autem quisquam est voluptatum, distinctio excepturi repudiandae amet consequuntur recusandae sed. Reiciendis aut voluptatibus odio autem saepe, similique dolorum illo ratione maiores quo ex at culpa id expedita, suscipit repudiandae nam cumque consectetur fuga blanditiis? Excepturi ipsa nostrum cum itaque vero fugiat adipisci, repellat molestiae facere rerum accusamus quisquam, exercitationem expedita minus ut aliquid est dolorem et quam commodi dolorum reiciendis quidem ab! Nemo iure rerum dolorum nulla eveniet, non temporibus culpa, corrupti, officia impedit adipisci quam at voluptate soluta mollitia eligendi tempora incidunt. Nemo eius optio, cumque quaerat deleniti, sunt sapiente suscipit pariatur est commodi fugit dicta, facilis facere voluptatum voluptas similique distinctio ratione velit corporis qui! Saepe nemo, similique dolorum est, asperiores repudiandae recusandae voluptatibus harum iure, odio doloribus repellendus id. Maxime ipsa quis amet cum ratione sunt. Quod recusandae corporis saepe mollitia eligendi laboriosam possimus labore vitae? Illo blanditiis modi at nemo, optio voluptatibus hic. Minus explicabo molestias minima consectetur, facere tenetur beatae corporis similique, deserunt unde omnis libero eveniet! Delectus neque aliquid quas similique earum quasi odio pariatur sed rerum, commodi dolor iste ratione laborum ullam aut provident in, at voluptas magnam voluptatem quia ducimus? Ea, rerum similique facilis ullam veritatis tempore architecto necessitatibus nulla dolores consequuntur cumque ipsa! Atque, ipsa? Nisi pariatur culpa quaerat, libero autem repellendus molestiae magnam earum rem animi tempora aspernatur minima omnis, id odio facere dolorum corporis sapiente doloremque adipisci laudantium. Sed, dolorum delectus hic suscipit aperiam placeat consequatur cumque in tempore similique eum repellat nobis mollitia libero labore dignissimos culpa repellendus. Ipsum deleniti laboriosam iste sunt, et expedita odio iure. Soluta asperiores tempora officia laborum quam quidem cupiditate numquam quibusdam voluptate, qui dolore architecto? Minus vitae quisquam dolore voluptates. Architecto facere, ad doloremque ab pariatur quibusdam ipsum rerum earum laboriosam dolorum, voluptatum molestias omnis error minus molestiae eaque! Aspernatur quia alias reiciendis necessitatibus. Accusamus itaque maiores quibusdam amet nisi, aliquid praesentium eos velit dolor quis quaerat nesciunt placeat architecto voluptate possimus iure nulla quam hic ullam ipsa repellendus labore odio laborum. Sequi molestias, facere quasi necessitatibus nulla minima provident atque ea asperiores sunt maxime, blanditiis debitis autem amet aliquam reiciendis distinctio cupiditate? Optio velit, vero fuga est commodi rem.",
        "product_excerpt": "Lorem ipsum dolor sit amet consectetur adipisicing elit. Hic dolores deleniti atque voluptas omnis deserunt sunt libero ex totam quasi quod optio non saepe assumenda nesciunt aliquid quaerat quo illum reprehenderit aliquam sint, ducimus inventore recusandae. Qui consequuntur nihil eveniet.",
        "weight": 7254.0,
        "views": 496,
        "price": "7904.00",
        "discount_price": "916.00",
        "showed_price": "6988.00",
        "category": [
            49,
            53,
            51,
            48
        ],
        "saved_post": [
            1
        ]
    }
},
{
    "model": "commerce.product",
    "pk": 64,
    "fields": {
        "created_at": "2023-01-25T12:29:36.016Z",
        "updated_at": "2023-01-26T12:40:33.342Z",
        "uuid": "e1fa4351-ad72-4874-8c2a-1eeb69e56688",
        "name": "Katherine Williams",
        "seller": 1,
        "brand": 1,
        "product_type": 1,
        "product_description": "Car carry even know debate risk. Part subject television outside door all. Itself traditional exist structure information usually share way. Ready feeling build area at.",
        "product_excerpt": null,
        "weight": 1695.0,
        "views": 5257,
        "price": "8086.00",
        "discount_price": "5268.00",
        "showed_price": "2818.00",
        "category": [
            49,
            53,
            51,
            48
        ],
        "saved_post": []
    }
},
{
    "model": "commerce.product",
    "pk": 65,
    "fields": {
        "created_at": "2023-01-25T12:29:36.470Z",
        "updated_at": "2023-01-26T12:40:22.435Z",
        "uuid": "991051da-9246-482e-910d-e1068bc08455",
        "name": "Stacey Jenkins",
        "seller": 1,
        "brand": 1,
        "product_type": 1,
        "product_description": "Table back free soldier early economic safe budget. Hotel model even once.\r\nBuy west I management PM bill positive. Same data rule produce them.",
        "product_excerpt": null,
        "weight": 7832.0,
        "views": 5428,
        "price": "5397.00",
        "discount_price": "923.00",
        "showed_price": "4474.00",
        "category": [
            51,
            52,
            48
        ],
        "saved_post": []
    }
},
{
    "model": "commerce.product",
    "pk": 66,
    "fields": {
        "created_at": "2023-01-25T12:29:36.930Z",
        "updated_at": "2023-01-26T12:40:05.071Z",
        "uuid": "250505fb-bc72-4212-b572-229e5cfa6b80",
        "name": "Michael Perez",
        "seller": 1,
        "brand": 1,
        "product_type": 1,
        "product_description": "Three capital assume director general interest huge. Cell reason might focus personal various six.\r\nThank drop nation individual.",
        "product_excerpt": null,
        "weight": 6397.0,
        "views": 2762,
        "price": "6277.00",
        "discount_price": "6450.00",
        "showed_price": "-173.00",
        "category": [
            49,
            53,
            52,
            48
        ],
        "saved_post": []
    }
},
{
    "model": "commerce.product",
    "pk": 67,
    "fields": {
        "created_at": "2023-01-25T12:29:37.403Z",
        "updated_at": "2023-01-26T12:39:44.815Z",
        "uuid": "d76506c4-4df8-4db6-add4-b06f975fa7b8",
        "name": "Douglas Kidd",
        "seller": 1,
        "brand": 1,
        "product_type": 1,
        "product_description": "Service will as. At scientist stuff detail. Carry improve likely former point. Doctor rate necessary.\r\nEnvironment imagine expect with require push spend. Western for manager bit.",
        "product_excerpt": null,
        "weight": 9834.0,
        "views": 3939,
        "price": "1598.00",
        "discount_price": "7486.00",
        "showed_price": "-5888.00",
        "category": [
            51,
            52,
            50,
            48
        ],
        "saved_post": []
    }
},
{
    "model": "commerce.product",
    "pk": 68,
    "fields": {
        "created_at": "2023-01-25T12:29:37.887Z",
        "updated_at": "2023-01-26T12:39:30.485Z",
        "uuid": "ce3e45cf-c323-4097-9a86-70803c9cabd7",
        "name": "Melissa Hughes",
        "seller": 1,
        "brand": 1,
        "product_type": 1,
        "product_description": "Suffer leg sing simple stuff trade. Available push wait responsibility himself back marriage. Only entire common play design product southern.",
        "product_excerpt": null,
        "weight": 2269.0,
        "views": 619,
        "price": "1093.00",
        "discount_price": "2279.00",
        "showed_price": "-1186.00",
        "category": [
            51,
            52,
            50,
            48
        ],
        "saved_post": []
    }
},
{
    "model": "commerce.product",
    "pk": 69,
    "fields": {
        "created_at": "2023-01-25T12:29:38.339Z",
        "updated_at": "2023-01-26T12:39:19.602Z",
        "uuid": "90736b3a-f3da-4a76-bbfd-6473ecadd038",
        "name": "Heidi Duncan",
        "seller": 1,
        "brand": 1,
        "product_type": 1,
        "product_description": "Bring painting carry. Return only half not thousand community sometimes. Republican cover window item.\r\nAdministration teacher begin always available. Human letter front seat around short.",
        "product_excerpt": null,
        "weight": 5427.0,
        "views": 2409,
        "price": "1323.00",
        "discount_price": "8989.00",
        "showed_price": "-7666.00",
        "category": [
            51,
            52,
            50,
            48
        ],
        "saved_post": []
    }
},
{
    "model": "commerce.product",
    "pk": 70,
    "fields": {
        "created_at": "2023-01-25T12:29:38.763Z",
        "updated_at": "2023-01-26T12:39:04.257Z",
        "uuid": "0dc76299-dc27-42d7-bcd7-98ed303ff169",
        "name": "Karen Rowland",
        "seller": 1,
        "brand": 1,
        "product_type": 1,
        "product_description": "Smile feel ahead itself phone shoulder window. Respond hundred teach true hard myself me.\r\nCold in provide. Like speech in east choose.\r\nEat hope save conference. Beautiful suffer television expect.",
        "product_excerpt": null,
        "weight": 6641.0,
        "views": 7978,
        "price": "7351.00",
        "discount_price": "6694.00",
        "showed_price": "657.00",
        "category": [
            51,
            50,
            48
        ],
        "saved_post": []
    }
},
{
    "model": "commerce.productimage",
    "pk": 4,
    "fields": {
        "created_at": "2023-01-25T12:48:56.877Z",
        "updated_at": "2023-01-25T12:48:56.877Z",
        "product_image": 70,
        "image": "media/product/icon/Karen Rowland - 657.00/download_2_rqbtft",
        "is_feature": true,
        "alt_text": ""
    }
},
{
    "model": "commerce.productimage",
    "pk": 5,
    "fields": {
        "created_at": "2023-01-25T12:48:58.813Z",
        "updated_at": "2023-01-25T12:48:58.814Z",
        "product_image": 70,
        "image": "media/product/icon/Karen Rowland - 657.00/download_1_odhn6t",
        "is_feature": false,
        "alt_text": ""
    }
},
{
    "model": "commerce.productimage",
    "pk": 6,
    "fields": {
        "created_at": "2023-01-25T12:49:25.325Z",
        "updated_at": "2023-01-25T12:49:25.325Z",
        "product_image": 69,
        "image": "media/product/icon/Heidi Duncan - -7666.00/download_2_ahjhew",
        "is_feature": true,
        "alt_text": ""
    }
},
{
    "model": "commerce.productimage",
    "pk": 7,
    "fields": {
        "created_at": "2023-01-25T12:49:26.190Z",
        "updated_at": "2023-01-25T12:49:26.190Z",
        "product_image": 69,
        "image": "media/product/icon/Heidi Duncan - -7666.00/Shirt-PNG-Image_fl34qm",
        "is_feature": false,
        "alt_text": ""
    }
},
{
    "model": "commerce.productimage",
    "pk": 8,
    "fields": {
        "created_at": "2023-01-25T12:49:50.386Z",
        "updated_at": "2023-01-25T12:49:50.386Z",
        "product_image": 68,
        "image": "media/product/icon/Melissa Hughes - -1186.00/70-707010_collar-polo-t-shirts-collar-t-shirt-png_db1dn7",
        "is_feature": true,
        "alt_text": ""
    }
},
{
    "model": "commerce.productimage",
    "pk": 9,
    "fields": {
        "created_at": "2023-01-25T12:49:51.583Z",
        "updated_at": "2023-01-25T12:49:51.583Z",
        "product_image": 68,
        "image": "media/product/icon/Melissa Hughes - -1186.00/download_1_outtv5",
        "is_feature": false,
        "alt_text": ""
    }
},
{
    "model": "commerce.productimage",
    "pk": 10,
    "fields": {
        "created_at": "2023-01-25T12:50:33.972Z",
        "updated_at": "2023-01-25T12:50:33.972Z",
        "product_image": 67,
        "image": "media/product/icon/Douglas Kidd - -5888.00/download_2_fdpofx",
        "is_feature": true,
        "alt_text": ""
    }
},
{
    "model": "commerce.productimage",
    "pk": 11,
    "fields": {
        "created_at": "2023-01-25T12:50:34.525Z",
        "updated_at": "2023-01-25T12:50:34.525Z",
        "product_image": 67,
        "image": "media/product/icon/Douglas Kidd - -5888.00/images_1_omx6rm",
        "is_feature": false,
        "alt_text": ""
    }
},
{
    "model": "commerce.productimage",
    "pk": 12,
    "fields": {
        "created_at": "2023-01-25T12:51:00.322Z",
        "updated_at": "2023-01-25T12:51:00.322Z",
        "product_image": 66,
        "image": "media/product/icon/Michael Perez - -173.00/Shirt-PNG-Image_org84x",
        "is_feature": true,
        "alt_text": ""
    }
},
{
    "model": "commerce.productimage",
    "pk": 13,
    "fields": {
        "created_at": "2023-01-25T12:51:01.868Z",
        "updated_at": "2023-01-25T12:51:01.868Z",
        "product_image": 66,
        "image": "media/product/icon/Michael Perez - -173.00/download_1_dezehj",
        "is_feature": false,
        "alt_text": ""
    }
},
{
    "model": "commerce.productimage",
    "pk": 14,
    "fields": {
        "created_at": "2023-01-25T12:51:29.124Z",
        "updated_at": "2023-01-25T12:51:29.124Z",
        "product_image": 65,
        "image": "media/product/icon/Stacey Jenkins - 4474.00/70-707010_collar-polo-t-shirts-collar-t-shirt-png_pwrwp5",
        "is_feature": true,
        "alt_text": ""
    }
},
{
    "model": "commerce.productimage",
    "pk": 15,
    "fields": {
        "created_at": "2023-01-25T12:52:18.605Z",
        "updated_at": "2023-01-25T12:52:18.605Z",
        "product_image": 64,
        "image": "media/product/icon/Katherine Williams - 2818.00/Shirt-PNG-Image_egvala",
        "is_feature": true,
        "alt_text": ""
    }
},
{
    "model": "commerce.productimage",
    "pk": 16,
    "fields": {
        "created_at": "2023-01-25T12:52:20.318Z",
        "updated_at": "2023-01-25T12:52:20.318Z",
        "product_image": 64,
        "image": "media/product/icon/Katherine Williams - 2818.00/Shirt-PNG-Image_avbfy9",
        "is_feature": false,
        "alt_text": ""
    }
},
{
    "model": "commerce.productimage",
    "pk": 17,
    "fields": {
        "created_at": "2023-01-25T12:53:31.411Z",
        "updated_at": "2023-01-31T11:03:46.766Z",
        "product_image": 63,
        "image": "media/product/icon/Brian Mckay - 6988.00/young-man-in-bright-fashion_zamqvn",
        "is_feature": true,
        "alt_text": "Brian Mackay in blue color"
    }
},
{
    "model": "commerce.productimage",
    "pk": 18,
    "fields": {
        "created_at": "2023-01-25T12:54:04.012Z",
        "updated_at": "2023-01-25T12:54:04.012Z",
        "product_image": 62,
        "image": "media/product/icon/Janet Mitchell - 1923.00/Shirt-PNG-Image_ftpzuz",
        "is_feature": false,
        "alt_text": ""
    }
},
{
    "model": "commerce.productimage",
    "pk": 19,
    "fields": {
        "created_at": "2023-01-25T12:54:38.245Z",
        "updated_at": "2023-01-25T12:54:38.245Z",
        "product_image": 61,
        "image": "media/product/icon/Brooke Romero - 3390.00/images_1_njt3xb",
        "is_feature": true,
        "alt_text": ""
    }
},
{
    "model": "commerce.productimage",
    "pk": 20,
    "fields": {
        "created_at": "2023-01-31T11:03:46.798Z",
        "updated_at": "2023-01-31T11:03:46.798Z",
        "product_image": 63,
        "image": "media/product/icon/Brian Mckay - 6988.00/WhatsApp_Image_2023-01-30_at_12.08.39_AM_m13kaa",
        "is_feature": false,
        "alt_text": "Brian mckay in Red color"
    }
},
{
    "model": "commerce.productimage",
    "pk": 21,
    "fields": {
        "created_at": "2023-01-31T11:03:49.458Z",
        "updated_at": "2023-01-31T11:03:49.458Z",
        "product_image": 63,
        "image": "media/product/icon/Brian Mckay - 6988.00/WhatsApp-Image-2022-05-16-at-2.03.28-AM-5_1_q1rwyv",
        "is_feature": false,
        "alt_text": "Here is the thrid image"
    }
},
{
    "model": "commerce.producttype",
    "pk": 1,
    "fields": {
        "created_at": "2023-01-23T15:51:00.854Z",
        "updated_at": "2023-01-31T12:54:17.155Z",
        "name": "Shoes"
    }
},
{
    "model": "commerce.productattributevalues",
    "pk": 1,
    "fields": {
        "attributevalues": 1,
        "productinventory": 63
    }
},
{
    "model": "commerce.productattributevalues",
    "pk": 2,
    "fields": {
        "attributevalues": 2,
        "productinventory": 63
    }
},
{
    "model": "commerce.productattributevalue",
    "pk": 1,
    "fields": {
        "product_attribute": 1,
        "attribute_value": "Red"
    }
},
{
    "model": "commerce.productattributevalue",
    "pk": 2,
    "fields": {
        "product_attribute": 1,
        "attribute_value": "White"
    }
},
{
    "model": "commerce.productattributevalue",
    "pk": 3,
    "fields": {
        "product_attribute": 2,
        "attribute_value": "42"
    }
},
{
    "model": "commerce.productattributevalue",
    "pk": 4,
    "fields": {
        "product_attribute": 2,
        "attribute_value": "52"
    }
},
{
    "model": "commerce.productattributevalue",
    "pk": 5,
    "fields": {
        "product_attribute": 2,
        "attribute_value": "32"
    }
},
{
    "model": "commerce.productattribute",
    "pk": 1,
    "fields": {
        "name": "color",
        "description": "Product Colour and availability"
    }
},
{
    "model": "commerce.productattribute",
    "pk": 2,
    "fields": {
        "name": "Women Shoe Size",
        "description": "Here is where you select the sizes available for th shoes"
    }
},
{
    "model": "commerce.brand",
    "pk": 1,
    "fields": {
        "created_at": "2023-01-23T15:48:47.065Z",
        "updated_at": "2023-01-23T15:48:47.065Z",
        "name": "Louis Vuiton"
    }
},
{
    "model": "commerce.brand",
    "pk": 2,
    "fields": {
        "created_at": "2023-01-23T15:49:44.485Z",
        "updated_at": "2023-01-23T15:49:44.485Z",
        "name": "Versace"
    }
},
{
    "model": "commerce.reviews",
    "pk": 1,
    "fields": {
        "created_at": "2023-01-31T15:58:31.659Z",
        "updated_at": "2023-01-31T15:58:31.659Z",
        "user": 5,
        "product": 63,
        "rating": 4,
        "review": "This product is amazing will want to order for like fifty"
    }
},
{
    "model": "accounts.customuser",
    "pk": 1,
    "fields": {
        "password": "pbkdf2_sha256$390000$CXCQ5GGLxHmXxuVNarQKDv$rqKfiDWj15ezqYW6YfeKjejS8wtkz8j4SkqebNWlaSI=",
        "last_login": "2023-02-04T01:04:29.889Z",
        "email": "taken@gmail.com",
        "name": "admin",
        "role": "",
        "phone_number": null,
        "country": null,
        "created_at": "2023-01-22T02:38:36.148Z",
        "updated_at": "2023-01-22T02:38:36.148Z",
        "is_staff": true,
        "is_superuser": true,
        "is_active": true,
        "groups": [],
        "user_permissions": []
    }
},
{
    "model": "accounts.customuser",
    "pk": 5,
    "fields": {
        "password": "",
        "last_login": null,
        "email": "damilareonifade24@gmail.com",
        "name": "Django",
        "role": "",
        "phone_number": "08148049590",
        "country": "Nigeria",
        "created_at": "2023-01-22T03:36:57.839Z",
        "updated_at": "2023-01-22T03:36:57.839Z",
        "is_staff": false,
        "is_superuser": true,
        "is_active": false,
        "groups": [],
        "user_permissions": []
    }
},
{
    "model": "accounts.customuser",
    "pk": 7,
    "fields": {
        "password": "pbkdf2_sha256$390000$CwbYkVAp9cWQ4CjGNzkGsh$7cuwc6F1Pm87l0oUC1CeRnhkMYIhVB38/LhfALor2dg=",
        "last_login": "2023-01-24T01:58:42Z",
        "email": "femland@gmail.com",
        "name": "femland",
        "role": "customer",
        "phone_number": "07013099327",
        "country": "taken@gmail.com",
        "created_at": "2023-01-23T11:03:08.267Z",
        "updated_at": "2023-01-24T02:00:34.561Z",
        "is_staff": false,
        "is_superuser": false,
        "is_active": true,
        "groups": [],
        "user_permissions": []
    }
},
{
    "model": "accounts.customuser",
    "pk": 8,
    "fields": {
        "password": "pbkdf2_sha256$390000$w0vtg3y5A7uGub8ZvesOM4$vesiYtif9HOceWKmfoQsKlOgsC1jmMsg62H3Ihg8nfg=",
        "last_login": "2023-01-24T02:09:39.813Z",
        "email": "turayo@gmail.com",
        "name": "turayo",
        "role": "customer",
        "phone_number": "07013099326",
        "country": "taken@gmail.com",
        "created_at": "2023-01-24T01:45:36.223Z",
        "updated_at": "2023-01-24T01:46:33.571Z",
        "is_staff": false,
        "is_superuser": false,
        "is_active": true,
        "groups": [],
        "user_permissions": []
    }
},
{
    "model": "accounts.userprofile",
    "pk": 1,
    "fields": {
        "user": 1,
        "profile_pics": "",
        "dob": null,
        "address": null
    }
},
{
    "model": "accounts.userprofile",
    "pk": 5,
    "fields": {
        "user": 5,
        "profile_pics": "",
        "dob": null,
        "address": null
    }
},
{
    "model": "accounts.userprofile",
    "pk": 7,
    "fields": {
        "user": 7,
        "profile_pics": "",
        "dob": null,
        "address": null
    }
},
{
    "model": "accounts.userprofile",
    "pk": 8,
    "fields": {
        "user": 8,
        "profile_pics": "",
        "dob": null,
        "address": null
    }
},
{
    "model": "accounts.useractivity",
    "pk": 1,
    "fields": {
        "user": null,
        "email": "damilareonifade14@gmail.com",
        "full_name": "Django",
        "option": "User Created",
        "created_at": "2023-01-22T03:28:27.079Z"
    }
},
{
    "model": "accounts.useractivity",
    "pk": 2,
    "fields": {
        "user": null,
        "email": "damilareonifade24@gmail.com",
        "full_name": "Django",
        "option": "User Created",
        "created_at": "2023-01-22T03:29:48.281Z"
    }
},
{
    "model": "accounts.useractivity",
    "pk": 3,
    "fields": {
        "user": null,
        "email": "damilareonifade24@gmail.com",
        "full_name": "Django",
        "option": "User Created",
        "created_at": "2023-01-22T03:33:27.813Z"
    }
},
{
    "model": "accounts.useractivity",
    "pk": 4,
    "fields": {
        "user": 5,
        "email": "damilareonifade24@gmail.com",
        "full_name": "Django",
        "option": "User Created",
        "created_at": "2023-01-22T03:36:57.847Z"
    }
},
{
    "model": "accounts.useractivity",
    "pk": 5,
    "fields": {
        "user": null,
        "email": "femland@gmail.com",
        "full_name": "femland",
        "option": "User Created",
        "created_at": "2023-01-23T11:01:46.873Z"
    }
},
{
    "model": "accounts.useractivity",
    "pk": 6,
    "fields": {
        "user": 7,
        "email": "femland@gmail.com",
        "full_name": "femland",
        "option": "User Created",
        "created_at": "2023-01-23T11:03:11.011Z"
    }
},
{
    "model": "accounts.useractivity",
    "pk": 7,
    "fields": {
        "user": 8,
        "email": "turayo@gmail.com",
        "full_name": "turayo",
        "option": "User Created",
        "created_at": "2023-01-24T01:45:36.272Z"
    }
}
]
